Marketing_Spend,Social_Media_Spend,TV_Spend,Email_Spend,Influencer_Spend,Website_Traffic,Leads,Conversion_Rate,Customer_Satisfaction,Revenue
12999,5529,7373,900,790,36889,2118,5.24,7.0,120012
11636,3796,5297,1832,1511,37707,2891,5.5,9.3,154931
13475,4068,4413,1990,2369,34707,2729,4.22,8.1,157952
13400,4787,2873,1480,2126,36477,4333,4.49,6.6,205392
13361,4186,3969,1751,2912,34513,4012,5.4,8.2,165432
3327,2997,3229,840,2386,11464,933,5.46,8.8,35412
5989,3188,3271,1836,2697,17684,1004,3.03,8.9,45785
14074,1269,5518,921,997,48616,5672,3.5,7.5,240018
13988,2997,7492,640,2119,41158,2271,4.15,6.8,158572
13738,3794,6987,1366,842,40010,2517,4.5,8.9,155924
10294,2562,4165,1668,1711,34970,4095,4.01,6.6,109655
6196,2331,3667,1046,2364,16671,1084,5.42,9.2,48914
12921,3341,3428,635,860,44582,3022,5.28,6.8,90950
14360,3011,6163,1720,2147,48234,3502,3.27,8.9,139221
7028,2776,3905,631,1784,21098,2127,2.68,7.9,73177
6581,3943,6873,1623,776,20640,2156,2.07,7.3,65547
5469,4736,6751,1254,2255,16620,1562,2.68,6.8,69657
7036,3594,4831,868,794,18046,1782,2.7,7.0,58892
11510,1966,2021,901,1546,30540,2942,5.43,7.1,107050
8252,3806,5731,1994,769,28553,3383,3.57,7.8,95996
13278,1932,2053,1282,541,35528,3084,4.82,7.3,106698
12823,5210,7597,832,940,41972,4498,3.1,6.9,198948
9235,3044,3949,1899,1794,31871,2027,2.33,8.6,111749
5017,4787,5269,1278,1631,16346,845,2.66,6.8,45450
10902,1033,5239,1484,2304,28800,2228,2.45,8.0,76321
9747,3055,7489,632,2084,32404,3102,2.25,7.5,94785
5635,5263,3028,801,1198,14333,946,2.81,9.3,49359
5654,5350,3507,1039,1814,18031,1710,3.55,9.1,79779
3204,1091,5744,1041,2787,10253,926,4.78,7.6,30496
3973,1124,5967,789,1492,12290,1208,2.76,7.5,57069
13868,3382,4916,1525,1054,38558,2793,2.43,8.0,181328
10861,4360,5024,1181,716,32209,3852,4.68,8.3,152101
3697,1831,4558,505,1875,11956,1185,2.87,8.9,45525
8563,5748,7978,1639,1544,23047,1952,3.34,9.2,65635
7389,3267,7433,1071,1423,20534,1791,5.31,9.3,84735
11530,5015,3046,560,2875,34426,3177,4.52,7.0,161504
6577,3469,3133,1176,2991,22469,2164,4.26,8.2,80723
4650,4200,3963,1498,728,14523,1394,2.63,8.0,49538
3639,1237,4759,1375,838,10744,696,5.17,8.2,36013
3610,3729,6569,1827,2887,12598,1096,2.61,7.0,40496
13859,2605,3932,782,593,37645,3426,4.04,7.4,172111
3579,4448,2243,1027,2016,9374,1052,2.63,8.4,41703
11050,3478,3143,861,1994,33486,1931,3.43,8.4,125543
11467,5962,6017,1837,1005,31020,2808,3.72,7.1,145180
7365,4438,4942,1412,2314,24792,1586,3.09,7.2,60175
10737,3558,3687,690,1687,36356,2841,2.65,8.3,115940
7310,4219,2987,1870,2925,22741,2187,4.96,8.5,59439
7554,2793,4159,1114,846,19473,1490,4.1,9.0,47282
13548,5708,3857,930,2262,36908,2338,3.4,9.0,154574
3943,4411,3361,1204,1522,11292,699,4.33,8.7,47107
4653,1207,3173,1148,2908,11727,1068,3.49,7.5,56516
14920,5760,4406,1530,2254,47006,2667,3.72,8.6,129100
14332,5243,2465,663,2915,48424,2673,2.67,8.7,131226
4248,3451,3873,1678,1579,11705,975,2.84,7.0,43152
5431,1973,3036,1571,1065,15462,1569,4.07,7.3,64880
12318,5674,3805,1829,1835,31417,2586,3.26,9.2,122944
10902,5310,5482,1191,2075,28225,3379,3.3,6.7,145793
14266,3332,5635,765,2071,47180,4946,4.55,7.8,188534
8825,3019,7227,618,1001,22944,2393,2.91,7.5,103505
6537,2526,3210,749,2470,22454,2386,2.04,6.5,70517
11894,5612,5748,1033,1264,32701,1743,2.23,9.2,93796
5525,5238,4720,732,848,14630,1407,3.19,9.1,77280
14268,2029,7657,924,1913,43738,3074,5.01,8.9,126180
3653,1427,5767,1350,2639,9743,1067,2.15,6.9,56819
10068,2299,6740,1633,2701,26853,2378,2.36,8.9,97001
14227,3720,5975,928,2351,40893,4622,3.51,6.8,169318
10159,4252,3431,1930,1362,33274,3676,4.45,8.9,128131
4006,4248,2856,1387,2540,13058,745,3.47,8.4,43780
6913,2081,7171,1333,1150,19324,1842,4.05,7.0,88087
12719,4795,2544,870,2196,35437,2682,5.13,9.2,129373
5645,1901,2470,902,2729,17729,1087,2.21,9.1,37851
10775,2683,6238,605,2649,36414,3677,2.67,7.7,106690
5818,4200,2052,944,1894,17907,2119,3.06,9.1,80690
5551,1994,6967,650,787,16125,1016,4.12,7.6,52026
9892,2881,6323,694,1579,28629,1644,5.46,6.6,92830
6252,4506,5804,983,1120,15818,1229,4.02,8.7,76865
6234,1775,2773,609,1010,19471,1095,4.17,6.6,38094
14053,5432,7179,1843,1151,35858,1836,3.06,9.2,108166
8934,5567,3061,948,2650,30257,3155,3.09,9.0,145470
11815,4025,7655,519,2631,32959,3521,4.96,6.8,164986
6273,3814,4426,1972,2376,21376,1783,5.45,9.5,69520
3141,5548,7095,1078,883,9149,1080,5.47,8.1,33034
10990,5048,4459,1775,1474,32492,3546,2.24,9.4,166052
6327,2968,3241,926,1982,17133,1773,4.76,8.5,65842
5082,3095,3784,1888,2372,13110,1256,3.77,9.2,50112
12601,2986,5638,1276,1146,33010,3415,2.96,8.4,138429
4588,1977,3172,1703,1613,12313,944,4.26,8.9,56249
6550,5633,7464,908,1143,22322,1363,2.6,8.8,80902
14934,3064,3007,1439,1344,37390,2718,2.39,9.4,141722
5872,1510,3942,1036,2360,17636,1882,4.12,6.7,46376
11027,3770,2433,922,1061,36609,2141,4.04,8.1,89246
7455,1308,2370,1995,2721,22100,1766,3.48,9.3,93205
5844,2224,5361,883,2151,17455,1795,3.01,9.4,88858
13745,3562,5379,1420,876,46428,4836,2.47,8.2,113504
9713,5445,4572,917,1120,30397,1620,3.85,9.5,83481
13632,2393,7832,991,2231,46255,5308,2.75,9.3,202201
9241,1729,4782,1696,1590,29503,2681,4.44,7.4,102469
4423,4078,6748,944,2775,13998,1021,5.17,7.7,50864
13332,5465,3421,1002,2568,38535,2369,5.03,8.5,110504
3658,4305,5272,1066,1316,9176,942,3.0,8.9,33820
5517,1371,7503,1138,2741,15635,1332,3.59,7.7,54815
9877,3397,6420,1420,1456,34355,2201,2.62,8.0,120551
13271,4413,3716,1009,2055,41949,3717,4.34,7.1,171684
7492,4189,4028,1802,624,24875,2148,3.78,9.1,112182
6040,2714,6674,1263,2699,17372,1502,3.32,6.6,53031
11484,2613,7316,831,1988,31955,2118,2.16,8.9,101319
14322,5923,7395,1684,1756,39049,2999,4.55,8.3,126941
10949,5036,2513,1806,542,30087,3458,5.46,7.9,103456
9928,5142,5476,512,2761,32123,2056,2.83,9.1,120000
10342,2256,7664,1760,2934,27643,2127,3.01,8.4,140198
3953,2835,4013,970,2931,13018,1452,4.12,8.1,58802
12112,5617,4201,779,1061,32585,3553,4.7,8.0,174526
7055,1303,5391,1076,2778,23645,1716,4.04,7.6,81827
5791,4456,4344,1299,2779,17727,1475,3.89,7.2,78032
7110,5288,6608,535,769,24005,2833,3.42,8.7,94300
12966,2773,7270,1022,2046,38356,3395,3.6,8.2,159547
11386,2552,4852,659,2619,38846,3471,3.12,8.0,131652
13393,4971,6059,1834,1005,45705,2386,2.01,7.6,112043
3162,1239,7281,569,1468,10690,795,3.63,8.0,23569
4158,5208,2207,628,2071,11777,796,4.4,7.5,44826
5999,4685,6093,1750,2369,15087,811,2.8,9.1,36634
3376,5267,4212,1343,2067,8920,936,4.87,9.4,38666
3440,1885,6676,678,1433,9845,1061,4.86,7.5,39438
8255,4883,7673,1154,1668,23983,1755,3.17,6.7,95333
5074,1987,3077,505,1943,16007,1283,4.8,8.7,54154
8135,4770,6929,1893,2245,27431,2564,2.28,7.8,110772
5036,2564,4737,514,1027,14399,1078,4.58,7.5,46864
7520,3760,5770,1629,1377,22359,1591,5.22,9.2,83099
6854,1135,5233,1733,2537,23874,1331,3.96,6.8,54858
6472,4311,2189,1412,1446,22395,1836,3.95,7.5,71961
6894,2659,2192,1339,2419,20053,2337,4.53,8.9,79705
4262,1364,7836,1511,2108,12020,1248,5.32,7.3,44912
4103,1031,5942,1093,1385,12117,615,2.58,7.1,27308
9081,5128,3604,962,1722,24268,1254,2.17,9.2,51703
13639,4283,5471,752,2909,39450,3623,5.45,6.6,135471
10922,5342,7604,1231,2377,33569,2753,2.96,8.1,118115
8065,1618,4485,1834,1203,23110,2380,5.07,9.2,99002
4364,5624,5295,1181,1392,15122,1578,4.26,7.6,62680
7422,3387,3407,1703,2139,19029,1320,3.37,9.0,56646
10120,1484,7311,1449,2482,31686,2998,2.84,7.4,142163
11939,2830,2338,599,2598,39368,4220,2.34,7.7,188728
8522,4731,4723,1747,1251,25824,1867,2.22,7.9,102485
6430,5450,2682,1830,935,17527,1392,5.18,8.5,62915
12341,5368,3581,863,1322,41839,3533,3.3,9.4,134552
7699,4071,6537,765,2241,26793,2988,4.65,7.9,98347
8888,4705,2920,868,1498,29906,1623,5.35,7.4,78200
10986,4759,4643,1405,1515,36644,2326,4.05,6.8,97840
5893,5119,5968,1156,520,16137,1442,2.86,6.8,62561
11130,5935,6432,985,743,38029,1960,3.4,8.8,123988
11908,2694,3718,881,796,37067,2512,4.51,7.2,88032
6996,5327,7149,689,1724,20612,2173,3.57,9.3,79936
3162,2347,2234,1209,942,9240,857,2.22,6.8,28927
6591,4145,6757,981,1533,20747,2255,3.31,8.2,90284
11977,3268,3699,1978,2632,33656,3365,3.89,7.4,178065
11083,1919,5012,1992,1583,28698,2648,5.17,7.7,118619
4778,1740,2995,1514,2864,12422,860,5.08,9.5,45138
11900,1797,2024,1014,671,38267,4381,3.5,8.0,148218
5211,4029,3947,748,2111,14205,765,4.18,7.8,39031
14259,2000,2929,1156,1262,45190,3868,3.85,7.7,182851
11708,2876,6059,1881,1722,31478,2783,3.91,7.4,124022
6776,3839,4633,1309,938,19340,1555,4.67,7.3,81613
6539,3801,6277,633,1704,19788,2297,3.05,7.2,86199
4888,4085,6100,559,749,13276,1024,3.1,7.0,56669
13584,5664,7516,1286,1458,44568,2519,2.34,7.4,159255
6003,3699,5755,1759,1367,17466,1115,4.77,8.0,45871
6211,5832,5340,1270,2883,18949,2065,2.39,6.5,72813
11650,3221,5779,1511,2725,29964,2373,4.93,8.5,120143
12849,3815,4522,1362,714,42477,5018,4.07,8.9,228301
7035,3246,2291,1371,1912,21844,2319,5.48,8.5,90202
13118,4403,5732,811,2409,39583,4531,3.67,7.6,215457
4540,1738,7411,1783,1094,15833,903,4.53,9.5,62323
7392,2522,5468,1183,1285,21186,2439,3.07,7.7,68926
6127,1064,4723,1534,803,19325,1116,5.07,8.2,65680
14081,2718,2698,975,1941,40663,3557,2.08,7.9,144825
13809,2974,3679,1955,1499,43342,2247,4.71,7.7,148532
11538,5998,2674,1241,1406,32807,3639,4.94,7.9,133705
9238,4394,6837,1330,560,27364,2694,3.19,6.6,68959
4890,1873,7360,1848,2693,15367,1644,2.44,7.7,73555
14272,3555,6541,532,1729,49212,3698,2.98,8.7,186223
12730,3008,2661,1314,1115,35466,1906,3.34,7.9,144059
7892,2381,7677,1536,1838,24692,2053,5.39,6.8,92264
7784,4055,7105,1277,2494,19815,1866,5.16,7.5,81315
11333,1196,6886,543,1609,33514,3713,2.22,9.1,175915
11931,5575,3483,794,1339,36765,2946,3.96,8.7,132708
8832,1502,6429,1641,1803,28064,3303,3.33,7.3,142164
3187,5510,4001,945,1595,9162,782,2.24,7.2,29815
9958,2666,6052,1856,532,33804,2580,4.57,7.9,137773
14515,3083,6921,1306,1629,49657,4126,5.23,7.4,195585
13444,4235,3415,1308,1688,37820,3013,3.52,7.1,132647
10040,3249,5160,1357,810,31974,3072,5.27,7.8,142469
4900,2356,2392,1526,839,14657,1196,2.58,8.4,63052
5463,4088,4367,1609,1871,15644,1193,3.67,8.1,53048
3782,4285,5079,1969,1750,12242,1363,4.25,7.9,42410
6145,4407,4448,1561,1138,20791,2207,2.93,9.4,106120
10601,5953,2955,786,1538,36672,2010,2.79,6.7,136888
10656,3370,4675,1231,602,35501,3422,3.15,6.7,101996
4526,5079,3712,580,1024,11820,945,3.16,7.2,36518
13334,1562,5615,1169,2767,36043,3660,2.51,7.8,204390
10073,2655,4500,1290,2564,30206,2303,3.56,6.7,115912
11396,3124,5212,702,519,30636,3407,5.04,6.5,144458
10045,2108,5217,1124,2052,31311,2491,5.35,7.6,113732
14671,2539,6983,1539,659,46326,4279,3.59,6.8,148710
9290,5838,6836,1877,2092,29739,3063,3.65,6.7,79132
9655,4751,4295,1803,1995,31176,2527,4.51,6.5,91374
14366,1995,2012,1151,740,43880,3116,2.24,6.9,148004
14185,3460,3804,697,2671,39121,3226,3.55,8.9,157877
9432,5065,3066,1271,1726,25470,1663,3.12,8.6,95841
13121,3529,7009,1292,1274,38299,3378,5.04,8.9,147412
7492,5433,2451,1540,2352,21322,2215,3.48,7.0,102865
8901,3754,6348,901,1361,28131,3341,2.69,7.5,149969
6050,3045,7628,517,1337,17721,1170,4.62,9.4,61985
11617,3599,4328,1746,1139,33314,2217,4.41,7.3,145626
4552,5741,7088,1723,2544,14881,1213,3.77,8.8,51556
14166,2513,5862,603,2561,48839,3541,2.38,7.5,146460
13764,1850,5148,1622,2550,42346,2832,2.3,8.6,171875
4443,3511,7239,1973,2257,12966,1191,2.26,8.0,60660
11396,4372,3830,836,1039,34817,2438,3.01,7.9,94952
8478,5619,3491,808,2991,23423,1507,5.23,9.4,59600
7606,1587,4292,1443,2053,25088,1907,3.97,9.3,85217
9547,5215,4550,776,1762,29158,2488,3.98,8.5,108814
5514,3130,7152,1709,1942,18277,1522,4.49,7.7,69612
13480,5018,4148,1770,2012,40445,3136,3.96,6.5,166972
4846,2208,7638,621,2702,15302,1267,3.14,8.1,47045
11014,5041,6116,1806,2385,32953,1652,4.85,8.5,94446
5452,5896,5819,1559,1503,14852,1020,4.2,9.3,62312
12735,2609,4044,1462,2486,34903,3902,2.18,8.0,161298
10889,2489,4575,994,2844,36102,3805,3.99,7.2,104603
4972,3451,3450,1641,2709,16528,1537,3.9,8.7,66241
5554,3192,3454,1714,835,19117,1323,3.92,8.7,69739
4305,3980,5654,840,2002,13175,1232,2.68,8.0,49992
6957,4563,2212,1446,1649,21797,1400,2.64,7.9,89986
8938,5127,4121,763,1115,23504,1694,4.95,7.9,91215
6711,3929,2604,1110,2288,18224,1062,3.76,7.4,45599
3365,2210,3679,1293,2729,10007,653,4.05,8.6,24261
10533,2024,2101,1161,544,32719,3358,4.43,6.9,168687
4444,5935,7536,1635,2540,14052,1186,5.05,7.1,57026
8053,3746,3649,1362,1054,23162,2507,4.91,9.2,120062
4717,4947,3578,1195,2015,14972,1373,3.91,7.6,59433
13673,2230,3333,1039,1145,41141,3588,4.78,7.0,120338
8137,3070,4984,1946,1161,22951,1198,3.34,7.8,80858
8061,2617,4172,1020,1758,20200,1349,3.5,7.1,77964
9311,1634,2239,1496,2013,28980,1955,3.19,7.2,94023
9149,1639,3451,906,2058,25253,2095,4.88,6.9,112657
4326,2907,4875,901,935,13530,965,2.45,6.6,53916
12095,1280,2076,1296,1213,35390,1869,5.01,9.3,114089
11453,1872,4578,1011,1720,29432,2662,2.07,8.4,92952
12141,5956,5042,1561,1010,35140,3192,4.7,8.8,117440
3060,3221,5953,1646,2487,9605,998,3.69,6.7,38970
11341,1756,6746,1913,1434,35172,4064,2.88,7.8,138439
13567,2737,7099,1690,2242,43609,2234,2.91,7.5,127849
8941,4736,7253,1863,740,26711,3021,2.6,8.9,137582
7029,4887,5417,1844,1402,21831,1269,3.59,9.3,66913
10082,1045,5607,1692,893,31167,2119,3.67,8.3,112814
9047,3169,3442,1779,983,27936,2240,4.29,9.1,104242
10774,4051,6053,1249,2897,28466,3129,2.44,7.1,148468
11482,3653,7637,1491,1248,34822,2295,3.76,8.0,102228
13665,4428,3169,1519,918,37652,3479,2.33,8.8,133447
6572,4987,4796,1281,1097,19922,1494,2.75,8.8,63130
13821,4381,4081,818,1259,35547,3423,5.06,7.4,126126
4658,1119,6440,1389,2367,14314,1127,4.12,8.4,55232
8266,3017,3890,1337,1172,24552,2270,4.0,8.0,70504
4516,3719,5700,1895,690,11947,1410,2.01,8.9,47422
9828,1486,7206,573,2227,27470,3181,2.36,9.2,121992
9745,3864,5744,581,1240,26623,2449,4.19,6.8,122164
4030,3257,2466,1983,2131,11460,1039,3.82,6.9,40048
7105,2340,6163,1158,690,22790,2171,4.21,9.3,63759
4043,2381,3062,1512,2480,10877,989,2.45,9.5,35515
6848,3755,4390,1324,650,18621,957,2.35,8.5,58843
12622,1864,6330,847,1763,38207,2938,4.19,8.0,147547
12954,3784,2092,1844,754,33143,2654,4.67,7.1,133476
8421,2021,3759,1753,2081,25122,2831,3.36,7.4,93896
13128,3539,7667,774,951,40234,2453,3.63,9.1,122535
10145,3331,2121,893,1434,26077,1724,4.58,9.4,123983
9329,4995,5309,1488,1630,31015,1835,4.67,7.3,68181
8653,5216,7870,1609,1486,22495,1868,4.93,8.5,66340
12825,1715,5163,1863,1875,35490,1957,3.63,7.6,130905
7834,5593,7304,1160,1756,24867,2233,3.63,7.9,68483
5686,3227,7104,530,1417,19135,1118,4.6,7.4,61473
7305,5411,5594,1679,831,18769,1252,5.09,8.3,69333
13573,5241,2334,1817,641,34213,2908,4.93,7.3,102607
5388,1522,3792,1479,1086,17060,1520,5.12,9.4,65492
3577,1059,6803,1090,1474,12404,1409,4.34,8.0,66309
10091,3285,4175,1381,2265,28637,3339,2.63,9.2,144650
13511,5864,7374,1691,1476,43137,4262,4.88,8.8,185219
8056,3205,3604,1941,1478,23411,1359,3.85,8.3,85283
4225,5548,2910,1466,895,12927,1028,3.57,8.5,38626
7482,4922,2663,1285,1435,25191,3017,3.88,9.0,109679
12537,1073,4122,1427,602,35936,2102,3.27,7.2,131494
13094,3029,4888,715,2252,37657,2403,2.7,8.9,117366
4210,2891,4338,1982,1354,10905,675,5.29,8.6,36906
9721,2058,6059,709,1515,29290,1793,2.22,7.3,77471
7878,5056,2532,770,629,20279,1078,5.07,7.6,61509
10796,3086,7292,1416,2760,36790,2767,2.25,8.9,88057
4828,5687,5011,1298,2440,13883,1031,2.92,9.1,32086
5633,3916,4768,582,1105,14526,1719,3.31,7.9,56402
13370,1871,3742,827,2484,45705,4461,2.1,8.9,201403
11873,1230,4945,667,725,41524,2077,4.05,8.5,116511
5491,2726,3830,1094,955,18599,2123,4.09,7.3,66844
13184,5725,7118,1929,608,44430,3190,4.44,7.6,175281
13108,3224,7043,672,1912,35497,3026,2.0,9.1,116813
10539,5304,7656,1437,2339,30899,3486,5.01,8.9,160090
7662,5599,2697,1439,1622,20586,1774,5.07,9.2,55335
13038,4765,5386,732,2621,41334,4897,3.64,6.9,161093
8083,2787,4000,1249,989,21394,2290,4.12,8.5,75518
11653,2980,7318,1130,2235,32864,2561,2.4,6.9,146067
9430,2268,2388,1212,1118,30626,1532,4.17,6.5,93130
6324,4717,2500,1103,2357,16883,1407,2.32,7.5,84756
11837,1591,2707,1945,2304,31483,1697,5.39,6.8,129509
10222,4564,7852,879,2766,31775,3123,4.11,7.9,140950
12478,3738,4426,584,2104,42984,4989,4.57,9.4,190614
5134,1901,2055,1358,1392,17672,1130,3.74,6.9,44262
10702,1824,6909,939,731,34847,1815,4.42,8.7,88917
4732,2901,3323,1006,1594,16354,1494,3.29,7.2,55445
6243,2895,6688,1564,1168,21658,1799,3.04,8.5,65958
10403,2810,2260,1700,2459,29778,3505,2.31,8.9,127495
8086,5346,6246,1162,1882,26896,1418,2.47,6.6,72266
7370,3785,5231,1154,2544,22122,1647,2.55,6.7,70674
7072,3637,3431,1311,2171,19515,1223,4.16,7.0,76415
4745,1790,3607,1714,1439,12299,885,4.83,8.5,50407
4313,1990,3988,1827,1978,14738,1409,5.44,8.5,42822
4437,1452,3767,1604,1038,14592,1125,2.94,6.7,57711
13694,5155,6892,1980,1810,45469,4779,4.04,6.8,167871
8712,2679,2963,1858,762,25867,2692,4.04,7.0,74686
5211,1334,5972,1116,2099,17578,1871,3.57,8.0,79957
6444,3265,7831,651,2324,20810,1591,4.46,9.3,69220
7118,5230,3015,1745,2145,17941,1566,3.61,8.5,78446
9708,2804,6552,674,2277,26163,1657,2.62,6.5,76804
5623,5444,2916,1911,2610,15860,1089,4.83,9.5,55503
7488,3685,2489,1579,547,19817,1430,3.22,7.9,79945
5851,1581,7007,1694,589,19785,1517,4.51,6.6,69184
13110,4967,3218,838,2518,43079,3169,5.38,8.2,105436
9502,3338,2558,1191,646,26816,2366,4.71,8.3,134280
13574,3655,2801,1785,777,46080,5327,2.18,8.4,207262
8203,1070,5436,1869,2098,21743,2288,2.53,8.0,94858
10760,1080,7320,1449,2738,30669,2307,5.44,7.6,110823
12517,3871,7449,1743,2378,38111,4288,4.5,9.1,173080
11220,2848,5427,1618,1846,37854,2519,4.8,7.5,96145
13295,1141,3444,524,2736,40526,3755,4.66,9.5,168106
6198,2707,4248,1163,2109,20468,1625,2.15,8.2,54806
10668,2228,5579,1392,2660,26858,1428,3.14,8.5,111834
4155,1968,3449,824,936,12011,1124,3.7,8.7,39875
13911,1872,5182,631,2536,41865,4832,5.17,7.0,242595
7272,4511,4851,1349,1588,22686,2323,5.4,7.2,62883
6205,2355,7146,932,1999,18719,1892,3.99,7.1,72339
11009,2152,7857,1195,1495,35576,2121,4.91,9.0,92491
4605,1758,5005,539,2455,13557,1406,3.72,9.0,57242
14531,2193,6109,917,2786,44226,3293,2.86,8.6,184047
10445,2894,7568,1148,2323,31573,3661,3.74,6.7,111961
10151,5527,3969,765,2864,34352,2294,2.36,7.1,98391
3392,1398,5910,1916,2799,9539,528,4.52,7.2,33032
13491,2615,7030,1519,1093,43852,2235,4.95,8.3,136242
5863,2448,4621,1792,1012,16761,1062,2.63,9.1,51676
8696,5390,5459,1043,1729,22615,1318,3.34,7.2,96116
7409,4877,6722,515,2931,21194,1556,4.68,7.4,74316
11520,5172,2600,500,2467,35287,3864,4.74,6.8,144218
8307,3077,3197,1070,588,23022,1558,3.0,7.0,82269
8517,3097,7251,960,2656,29194,1807,2.14,7.5,83607
8983,3616,2964,1453,1448,30807,2034,5.44,7.4,72818
5203,1893,5471,1719,1082,17172,1748,4.77,8.7,76432
10192,4451,2338,1791,841,30069,2181,4.94,6.5,129740
4056,1076,2687,611,2071,13959,1312,2.24,7.1,47759
7005,5296,5389,1885,1035,24101,2851,4.64,9.0,96746
13632,3206,2481,1528,1822,46332,2950,2.74,8.3,185096
13721,2042,2140,796,2057,43517,3101,2.77,7.7,113232
12131,1491,2468,1638,1666,34362,1945,2.95,6.8,102692
9499,4466,5606,1983,2194,25363,2885,4.92,7.5,83367
7289,1872,3586,1672,2830,23769,1599,3.97,9.0,65631
9268,5284,7445,874,1606,30016,2118,3.4,6.6,111012
8666,5472,6951,1816,1503,27549,2699,3.35,8.8,115376
14732,1335,2291,1471,2014,43164,3576,3.24,9.2,179121
10757,2315,2920,1649,1875,30615,2724,5.27,8.6,111405
12389,5211,6515,1347,1092,38172,3648,2.13,6.8,148889
13493,1377,6493,1208,1995,40397,2563,5.3,8.5,130309
8818,2881,3685,792,566,28875,2469,3.92,9.1,108996
14729,5559,5003,1326,579,41154,4811,3.53,7.0,213930
4504,3237,6382,529,1013,12899,1338,3.3,9.0,46083
9431,5909,2996,897,1328,29237,3221,3.13,7.1,98783
14495,5331,5963,1629,2611,48630,3125,4.27,7.2,106965
7029,3668,7398,1589,558,18098,1943,4.9,6.5,79714
12761,4433,6877,1162,2786,33135,2247,3.41,9.0,122463
12912,2614,6479,871,2798,32747,3515,2.59,7.3,180844
5745,5589,3164,640,1997,14402,1236,3.52,6.8,46277
9765,3611,7726,606,504,34079,3946,3.78,9.2,169224
5486,4970,5420,889,2468,15233,1525,2.9,7.9,65484
14285,2733,5937,1903,2297,44561,3511,4.65,7.5,146263
11236,4668,2252,1433,2288,34660,2106,5.41,8.6,121449
10640,5237,7460,830,2886,35059,3281,3.81,6.9,97913
8802,5326,4090,1055,1732,24871,2534,2.92,8.6,118219
12588,4058,3523,1499,2709,33988,2968,2.01,9.1,156663
14811,2929,6811,992,1147,47643,4577,2.08,9.3,183227
6811,3541,4600,1746,2455,21575,1268,4.0,8.7,76778
13363,2610,4267,1161,2579,35027,3945,4.89,8.1,172668
9807,5609,6925,1014,670,25185,2601,4.1,6.6,140202
8060,4726,3697,1277,2499,22775,2684,4.48,8.5,96804
8768,3622,7648,1560,1866,24093,2834,4.32,6.8,106711
11253,1178,7661,1700,903,33596,1942,3.33,7.4,101812
13937,5769,5260,1888,1803,43991,3584,2.63,7.0,196592
12270,4729,3125,1469,1244,33766,1709,4.2,9.0,108159
8892,3753,2637,1781,2724,27748,1916,4.3,7.8,102861
5517,4620,2198,1671,938,17313,969,2.97,8.8,55796
14106,1874,4237,1852,2431,38332,2600,2.57,9.3,121308
7109,3939,3113,1619,2972,21365,1076,3.65,7.7,46090
11289,1047,6081,1909,1127,34330,2491,2.51,8.2,123288
5652,3551,2948,1857,1091,18728,1345,2.67,8.9,72779
6646,5144,3326,1270,1650,18210,1544,5.13,6.6,74548
7417,5927,3790,1938,1269,25783,1852,2.88,9.2,96596
13291,1411,7065,1134,1926,37982,2049,4.57,6.7,105102
13954,4595,7790,934,556,35260,2483,3.59,8.1,179398
9666,5789,6771,1803,658,30405,2606,4.36,6.9,95831
9673,1338,2547,1417,994,27254,2880,2.64,9.3,110102
4307,2324,2633,1635,2148,14268,1163,2.2,7.6,61784
7816,2325,4655,584,2993,21715,1896,2.88,8.7,87413
4483,2768,2132,1860,2677,12882,1264,4.9,6.9,58862
8172,3799,6384,1642,1659,20494,1612,3.23,6.6,83957
12124,4953,5377,1216,1736,37108,3285,3.61,7.1,103589
12170,5738,2758,571,2470,34415,1821,5.23,7.8,79512
3108,1974,3476,886,1735,8376,910,3.63,8.4,37993
13150,5243,5420,1255,509,43408,4760,4.08,7.4,136928
14463,3430,4280,1555,1175,37786,3105,2.09,9.1,142754
6091,4839,2224,758,2331,17691,1344,4.12,7.2,49762
12457,1272,2043,817,2026,43441,4547,5.49,8.1,178414
8667,3408,5428,830,2029,28178,2213,4.81,8.6,122034
11288,4975,2643,1423,1000,31291,2762,5.27,6.7,127937
11539,4039,3003,594,1590,39076,3458,3.9,8.8,149135
6955,1606,7094,674,2750,21231,1114,2.36,8.0,58180
9801,3215,6044,664,1125,34144,2396,4.02,7.1,95777
5233,1129,6072,1058,2518,17593,920,3.43,7.8,54254
13102,3790,6685,1153,1605,34006,2836,3.76,8.6,146828
3541,3496,2993,1907,638,9647,667,4.71,9.4,32785
11628,1404,3734,757,998,30164,2348,4.81,8.0,84389
4193,4362,2057,1979,1057,13355,1161,2.87,7.4,50211
11492,1039,3347,1078,766,36095,2597,2.55,6.9,113944
8946,5809,4666,1093,2437,25419,2400,4.9,8.1,118905
4928,1219,4433,1318,2353,14857,1732,4.1,7.9,50474
13297,1949,4583,1153,2542,34666,2399,4.78,9.2,115250
13203,4124,4927,1625,1628,36302,4200,5.32,8.8,184932
11887,3567,5070,1675,2160,31292,3419,4.68,9.4,146480
14387,4371,3579,972,1352,46749,5043,2.57,8.7,154179
11014,4510,4676,1996,2871,27922,1429,4.74,7.8,79483
13575,5908,4809,1987,2360,41099,3027,2.47,8.1,172807
7489,3140,6378,1293,2796,18990,1161,4.86,7.8,70532
8705,3542,5523,906,1631,22074,1394,4.87,9.1,60965
14927,3928,6935,1799,2012,51883,5473,2.35,7.7,201333
11478,5683,4581,1112,2188,30815,2523,2.88,9.3,109784
10180,5984,4578,1912,1324,31764,2148,2.19,6.7,128157
11744,5769,3869,1428,2434,33151,3564,3.2,7.4,135801
10612,5962,3596,709,1264,29911,2304,4.03,9.4,119563
3032,5112,2734,553,1588,8301,858,2.7,7.0,30743
14296,1511,5070,1476,2377,47652,5198,4.86,7.8,153223
14940,1862,7597,1682,1884,46522,3819,4.5,9.0,148289
5474,1715,7109,1901,1705,15723,1754,2.38,6.7,91211
3679,3078,3372,1113,2901,9356,634,2.3,8.8,26994
13917,1992,6749,1654,796,47295,3185,5.0,6.6,105773
12044,3613,2710,787,2140,37777,2234,3.83,7.4,106109
13292,4290,2564,1021,2884,43200,5161,2.92,7.9,168913
8611,2578,2705,930,2281,22212,1681,2.32,9.1,61771
14390,3672,3520,885,1910,49607,3197,3.04,7.2,135362
7018,4775,7937,1317,1471,20459,1242,3.09,9.1,55056
11246,1534,7813,1207,1658,35616,2452,5.43,8.3,102184
10474,3660,2099,1247,2638,36393,3424,4.64,7.5,171343
5069,3607,6996,1194,1221,17584,905,4.49,7.7,40104
11646,2741,3625,1150,1586,36561,2488,3.94,6.9,100592
8293,2448,2949,974,671,23220,1934,4.71,8.7,90345
14818,4568,4777,1214,1246,40503,2896,3.28,6.9,168962
10115,1579,5318,707,615,30865,2338,2.54,7.9,137443
12250,2477,2856,1431,2236,32961,3518,3.74,7.7,99357
7151,1134,6728,1445,1187,21806,1329,3.97,7.7,62088
9398,1593,6432,1109,2561,30900,2295,4.18,8.8,99225
13758,3174,6249,549,2945,44811,3029,2.26,8.9,188430
10186,4592,3990,772,2056,32734,2532,2.1,7.6,93963
7887,3839,2459,805,743,24968,1754,4.81,6.7,101025
11653,2410,5133,997,2540,34616,3465,2.61,9.3,111729
3025,5837,4488,1050,2298,10543,733,4.81,9.2,32610
14572,5119,3989,1525,2710,45601,3406,4.73,7.3,183018
8145,5539,5281,1802,1982,20596,2153,4.66,7.2,73535
7220,1826,6292,1542,2848,19361,1816,2.47,8.4,80668
13538,4171,2815,1976,2300,43354,4141,3.15,9.4,115797
5106,4077,4745,1172,1820,16145,1395,2.98,8.1,49410
12609,5253,7027,686,1597,39719,3093,2.77,8.6,93085
4492,4858,4605,1557,2107,12089,925,4.77,9.5,43613
9879,5871,6944,1848,549,25354,2392,5.27,8.7,84965
5437,1775,6086,1585,1932,18336,2069,3.78,8.4,90600
4019,3847,4998,651,550,13369,1120,2.94,7.6,51472
8778,1414,4102,1497,2792,25275,2009,2.22,6.6,127532
14137,1718,6598,1378,1770,44741,4440,2.16,8.7,139412
13924,2877,6050,1904,647,39176,2708,4.52,9.0,145951
5160,2986,4761,1276,1581,16126,1199,2.75,7.2,53968
14600,1886,4392,1476,2137,43213,4692,3.72,8.0,173202
10415,3412,3869,1502,1006,26343,2088,2.79,8.2,114988
8876,4329,4029,1531,2566,24538,2380,2.52,9.5,109206
13602,4123,3482,1563,1283,37059,3281,3.87,8.2,170036
9884,5380,6757,623,786,32674,2749,4.33,6.6,125902
14592,3696,7097,525,538,44527,3921,2.12,9.0,157109
13453,2495,2305,1659,1481,42285,2307,5.18,8.0,167546
11938,2255,3414,1942,951,33358,2646,4.07,6.5,128292
8292,2526,7585,686,2528,25826,3020,2.57,9.3,126870
14239,3191,4832,1436,2945,41330,4405,2.11,9.3,160496
12709,3871,6896,1098,1873,39131,2321,5.11,9.5,110094
14125,3147,2094,1902,2449,40349,2421,2.04,8.2,130980
8466,5453,5157,1504,1419,22867,1988,3.14,8.2,75734
6334,2619,2865,1384,1526,17290,1089,2.57,8.1,63964
11941,5960,2166,1762,875,39624,4076,3.84,6.8,149874
9744,5765,3686,1594,2537,26470,1903,2.08,9.5,100667
11011,4027,4026,552,1109,30618,2530,4.64,8.9,90126
6429,1557,2532,1999,765,17197,1750,2.44,7.7,59930
11160,4189,4748,1257,2085,38552,4204,5.48,7.8,103798
4372,4866,2453,1474,1391,15239,1347,5.43,9.1,62914
6354,4771,2932,1622,1199,17429,1226,2.85,6.7,72065
7536,3260,2295,1286,557,23545,2712,3.15,6.7,90087
3322,1057,2574,1345,1348,8908,567,4.35,7.8,32807
5873,1169,6899,778,1341,14904,791,5.12,8.1,61203
5951,4363,2604,549,1271,17659,1421,3.23,7.4,68015
13783,2140,3704,563,736,44610,3431,4.3,7.9,120720
13683,1962,7527,1611,2314,42597,3250,3.49,6.9,115565
7790,5582,4687,841,2276,23933,1882,5.41,9.3,71764
3692,3443,6623,1941,2762,11092,1163,5.39,7.0,60627
8347,5153,3904,503,2764,22425,1136,4.59,9.0,97559
12815,2566,3981,1406,2144,32467,2171,4.44,9.1,103845
3471,5442,4564,900,2661,11465,1347,2.51,9.4,58419
11406,5471,7872,697,1300,32331,3386,2.59,8.3,142824
3706,3494,5707,1758,1867,9626,865,5.06,8.2,32345
7465,5317,3949,1250,1903,18682,1308,4.04,9.4,84020
7083,3013,7261,1748,2344,21993,1268,3.9,9.1,61063
4094,4394,6312,1493,1348,13211,1092,4.04,6.8,41354
11086,1966,5992,714,2171,28882,2950,4.36,7.3,106081
5860,5450,6427,696,1727,17892,1496,2.56,6.9,72715
5379,1038,3067,1522,745,14976,821,3.6,7.5,43046
13599,2757,4123,1522,1317,43456,3566,3.33,8.3,154482
9343,5036,5664,908,2546,25206,2937,2.25,7.3,147270
5840,2582,5809,1441,897,17617,2092,4.58,7.7,56557
6969,1807,2912,1563,1228,22294,2432,4.31,9.2,85574
3132,3725,3967,1493,2157,9682,719,4.62,7.8,44324
6009,3777,3769,919,1804,18065,1840,2.6,7.1,72380
6417,2543,6349,1492,2900,18497,1488,2.68,8.9,54765
10979,2130,3821,1939,1775,31497,2213,4.12,7.3,93364
5139,3707,2272,1682,1876,14581,1345,4.08,6.7,59971
6079,4894,6442,1825,620,15734,877,4.34,7.1,70620
5176,1872,4295,1903,1178,16100,1083,2.61,8.3,50683
10127,4604,6528,565,2344,31104,2923,5.2,8.7,142726
5540,5379,4765,679,2735,16357,1425,2.52,8.3,58399
4460,5855,7415,877,593,15340,1275,2.73,7.9,40277
6785,1184,2788,1791,1521,18711,1072,3.35,7.8,68772
5942,4540,4423,1904,2957,19639,1349,5.13,7.2,65897
9614,5030,3810,1078,2671,27751,3134,2.82,8.3,105664
10758,4106,7262,1167,2077,36311,3765,4.02,8.6,119205
8517,5524,7759,550,2130,27813,1833,3.03,6.9,113184
7964,2844,4906,1590,2123,27872,2931,3.51,7.9,141981
10013,3487,5724,808,1261,26969,1707,4.81,8.4,72380
3135,4578,3819,1142,684,7880,842,2.55,8.3,43401
4921,5564,7415,911,2706,13604,769,3.6,9.1,40015
10251,5256,2787,1385,2882,33180,1741,4.33,9.2,90551
13314,2578,7477,1223,2922,46515,3892,4.32,6.8,160063
4733,4193,7978,585,2396,12649,983,3.62,9.2,54652
4188,2827,5585,1459,915,12049,1371,4.82,7.2,67473
11943,3687,5642,572,2251,30940,3689,3.17,6.9,133423
13876,1216,6241,596,973,48295,3510,3.14,7.3,130959
9414,4509,6021,1352,1632,27160,1576,3.98,8.5,92919
8229,5647,3320,1415,2719,24314,2396,5.29,8.8,69324
4740,3301,7760,1698,502,16360,1813,4.78,8.2,52399
9727,2320,7632,1387,2716,32354,2166,2.66,9.0,139622
12722,5572,4041,1043,1321,32134,1801,4.13,7.9,97213
11506,5812,6056,1211,2918,29126,2232,3.95,7.2,117503
8518,5786,6202,1155,1539,27466,2114,3.15,7.3,116693
14212,5035,5659,1649,2165,35628,2433,5.39,8.0,121243
9511,3499,3452,1548,1241,26363,2696,5.47,9.5,103918
14290,1218,4694,1099,1696,42401,3689,4.15,9.3,180554
9391,5012,5524,1031,1699,23578,2106,3.72,7.7,100188
11112,3947,2786,1850,587,31566,2446,3.55,7.5,119956
6619,1260,3569,698,1346,22467,1210,2.45,8.9,59687
5311,3748,6558,1454,996,15230,938,2.51,8.1,61264
11505,2249,6363,1206,2060,30419,3246,4.94,7.7,112422
5876,3170,6610,1561,1874,19304,1194,5.36,7.0,72713
13715,5218,4072,949,1662,46603,5051,2.04,9.5,204381
5399,3852,2674,731,2807,14273,1700,3.45,8.7,68663
7773,5752,5156,1837,2165,21685,1838,2.63,8.3,74499
13131,1846,4640,959,810,35335,2881,4.76,7.5,159307
14619,1604,6875,881,908,50796,5027,3.21,7.1,163514
4934,3874,7351,1002,2201,15731,905,2.67,7.4,47286
10176,1187,3937,1902,2985,31476,2324,5.03,8.1,132402
13870,4819,6766,1075,726,38123,2925,4.68,8.7,148223
12181,5668,6211,617,1463,41475,3730,3.71,9.1,147317
4332,3152,7645,1662,1361,14271,995,2.88,8.9,63490
10045,5486,5277,1250,2506,29325,1745,4.91,8.3,85832
4491,5787,4505,1179,1129,12046,652,4.9,7.8,36392
3481,3512,3847,1242,2611,9441,752,3.05,9.4,32762
12316,2999,5170,1640,2139,35803,3112,2.94,9.2,149792
4574,2422,4000,1559,1154,13791,861,3.03,8.9,40361
12837,2516,3021,822,1007,34628,3948,4.79,6.5,189963
6456,5466,4851,571,2490,18356,1635,4.17,8.2,85332
13414,4366,3536,1791,2448,37214,3723,5.34,7.3,146279
9464,4631,4676,1035,2316,24788,1521,3.65,8.4,68091
6682,4302,2135,1587,1495,21936,1254,4.49,7.5,45807
7827,1995,3228,1541,867,21005,1947,2.26,7.8,92182
10526,1075,6187,1614,2067,29044,2885,4.04,7.0,91224
13484,1221,3284,1733,2444,38177,4428,4.68,8.2,171050
10180,1763,2047,1547,968,28804,2260,3.46,8.2,75018
4007,5624,3040,1482,1618,12362,739,3.34,8.4,51356
9950,1064,4680,784,2825,31159,3057,3.1,8.2,126260
11681,3501,5549,1603,1138,38614,3968,4.15,8.0,174454
12017,3085,7681,1885,2135,38417,4549,2.06,9.5,204823
7285,1210,6386,1359,578,22280,2523,4.09,7.9,112734
12270,1456,6389,1430,899,41135,2060,2.42,7.8,142388
12737,1508,3472,1786,2069,32471,3432,3.02,8.3,137357
7620,4740,7843,1578,1027,23357,1851,3.25,9.3,91271
4052,2422,3797,1579,2364,13996,1447,3.78,7.1,38663
6801,3693,3065,1323,2554,20864,1350,2.01,8.0,71920
7170,2740,3923,1691,2002,19105,1635,2.99,8.2,77132
8960,5465,6065,609,1308,23513,2183,5.34,9.2,100183
4998,1748,5400,1977,1245,16840,1702,2.27,7.3,75698
7926,4352,4807,1484,1718,21114,1790,2.14,6.7,73325
5275,2780,6179,1826,2162,17115,1825,2.33,9.3,81955
5508,4862,4482,783,2720,17699,1971,3.91,7.9,73024
12857,3017,4440,1791,946,34129,2258,2.38,8.4,103537
10217,1818,2804,1405,2760,31040,3220,2.97,6.6,121791
9889,1123,4787,1006,1803,26871,2890,4.35,8.8,82994
12298,5499,2574,970,954,40662,3517,4.0,8.8,104333
12621,1288,4388,1007,2504,36635,2326,4.7,8.8,122776
12182,2594,4136,1689,2580,31101,1996,2.31,6.5,123516
14187,3579,7903,1183,571,44040,2502,2.68,9.1,143139
11682,1466,4577,1638,2905,32076,2534,3.37,9.2,125431
8202,4797,5873,672,1329,24939,2772,5.48,6.7,104037
11388,2926,7771,1360,2775,37618,4349,3.81,8.7,160478
9157,1734,2822,617,735,23420,2272,5.0,9.2,93972
4741,1199,5963,1836,1618,16048,1783,3.95,8.6,61421
8749,1095,6612,608,2847,29466,3230,3.51,9.4,85417
10769,4895,6938,832,1971,28164,3320,3.4,9.5,168336
12124,3638,4182,646,1936,37335,3436,2.69,9.2,129757
8465,2316,6278,655,1152,28679,2499,4.41,8.7,97507
7887,3931,2767,1186,2932,21953,1189,4.65,9.0,96578
6233,4630,6569,696,524,15598,1017,2.1,8.4,55928
4651,5711,7882,1278,697,14409,1149,4.18,9.3,47287
11837,2005,7029,706,1960,33010,3362,3.74,7.9,113507
12409,1601,6327,580,2227,40972,2894,2.37,9.4,113280
9006,3898,6383,1287,2260,27731,1785,3.92,9.0,97379
7386,4153,3091,1140,2441,18527,982,4.72,7.7,59764
6173,3704,2282,596,1915,18999,1100,4.24,7.3,65923
3664,4350,2777,646,2010,10179,1035,2.8,9.1,31177
6792,1863,6406,1186,2313,17793,1550,3.3,7.1,54301
7809,2381,4306,1548,2935,25726,1880,4.4,8.5,90737
6904,3086,7043,701,1140,23122,2742,4.15,7.1,85952
9367,3344,3752,1918,2087,25942,2812,4.24,8.6,135456
10803,3977,6580,1493,1366,31466,2825,2.33,7.5,160067
11233,2012,2035,1011,502,37213,2166,4.97,6.9,109262
8597,5160,4808,1533,2786,23957,1902,5.01,8.3,88681
5425,1678,5758,1394,942,13735,981,3.09,7.0,38027
12808,5725,6991,1551,694,43317,2239,4.49,9.2,97356
3919,4344,6175,1843,2089,10171,1049,4.5,7.1,32746
7150,3094,2719,615,2987,23666,2138,3.15,8.7,76790
3869,1998,5036,1867,1467,11193,647,2.58,6.7,36886
9903,1418,3688,1004,2397,25985,1495,2.04,8.3,94354
10650,1507,7214,1761,1261,32281,2448,2.45,8.7,144422
10499,1612,6373,1701,1127,33403,2651,2.53,8.1,114179
12086,2957,3626,1990,2261,38658,3798,2.8,9.4,150194
9398,3436,5037,873,710,24310,1856,3.71,7.7,100265
5443,3283,5042,1221,2770,16969,1611,3.53,7.1,52445
5907,1820,6503,1684,552,19260,1112,2.47,6.9,48574
3519,4520,3245,1545,2998,11466,657,4.01,6.6,35031
7362,3348,3455,1484,2354,23711,2270,3.6,7.7,88130
3207,4848,4097,1916,1297,9756,1001,3.7,7.4,40505
7153,5725,6862,834,1078,20222,2343,2.24,9.0,84089
12087,3604,7044,1468,1416,36852,2523,3.04,8.1,91972
12646,5172,6492,1348,2597,38097,4530,4.07,6.7,185041
8352,1937,5711,1628,1627,25226,2336,3.89,6.8,106763
7953,2467,7760,1881,2280,23194,1646,5.48,9.1,99942
13556,2265,6203,1231,1325,36243,1911,3.62,8.6,109143
3143,3909,3475,746,2765,8228,677,3.27,7.7,32911
7168,3981,4086,622,619,20432,2134,4.69,8.6,63301
11377,1154,4734,1113,2874,35051,3436,4.55,7.9,181361
11912,5921,5179,1041,635,40819,3092,3.32,8.0,125764
14838,3460,4041,1817,2796,40405,3162,2.27,8.6,99017
11840,4936,5560,1271,832,40224,3454,3.52,7.9,149684
7891,1327,4477,1947,634,20037,1588,2.77,7.2,60727
8976,1361,2932,792,1925,26925,2579,3.3,7.8,78248
3922,1484,5515,1561,1776,12225,1316,5.16,7.9,61888
14463,2785,7684,1711,1751,46263,4403,4.45,8.4,174515
13986,2057,2996,1137,2000,39084,4198,2.35,7.9,176592
14426,4467,5113,521,1579,44661,3377,3.11,8.1,186731
7212,4443,6303,1066,561,23078,2328,3.76,7.0,100115
7773,3942,3197,628,1568,19540,2034,2.06,8.8,90695
6495,3971,4835,1955,1147,22344,1401,5.12,7.1,51847
10457,3887,4665,1854,1606,26847,2670,5.21,7.8,133339
7096,3214,7118,1386,2397,21335,1323,4.87,8.3,78972
14466,3271,6498,1238,1980,45634,4136,4.7,6.7,153612
7950,4774,4619,980,687,20533,1619,2.48,7.3,76135
6335,4459,7776,681,2940,16513,1563,2.23,8.5,67999
13298,4740,7790,671,1217,45366,3681,4.49,8.8,150298
9030,2765,7409,1868,1829,24987,2192,3.29,8.6,88566
7566,4617,4396,1092,1112,19800,1503,4.94,9.5,93374
3664,1534,7398,636,1852,9353,951,5.45,7.1,35103
12190,1900,5513,786,1776,33151,3386,3.29,9.0,174377
9371,3795,3329,599,2634,28510,3212,4.64,8.0,130038
14906,3956,4616,1442,1423,37390,2730,3.14,8.9,110608
7740,3071,4971,988,879,24971,2326,2.68,6.6,88166
3309,4033,3793,832,2307,10260,669,5.37,7.9,32411
6709,4276,6728,1918,870,19333,1123,3.58,6.8,66335
5785,5304,7893,1514,957,17578,1185,2.38,9.2,60087
6307,4480,6560,1795,2513,20070,1077,3.08,8.1,72850
12373,3938,5180,817,2308,42376,2735,2.74,9.0,94951
3419,5523,5576,864,1152,8873,884,3.19,7.0,50838
7650,2930,4643,1195,1420,19873,1841,2.76,7.6,82133
4164,1797,4647,1103,1818,12957,1354,2.49,9.0,49868
4639,5237,5237,1275,2396,14753,926,4.94,6.7,47343
14839,2183,3759,1338,512,41535,2548,4.64,7.2,168971
3273,5462,5984,551,2550,8496,671,3.69,8.4,34334
11228,1362,6273,1209,1393,35695,2653,4.78,7.6,120828
13411,2957,2306,1274,1189,41667,4968,3.58,7.8,214275
9048,2505,7268,523,2724,28498,2850,3.0,8.9,85305
3968,1124,7639,600,2354,11683,1328,3.3,7.7,39845
3050,5292,6100,897,1521,8244,628,5.08,6.6,27938
6579,2276,5289,1125,503,22684,1412,2.13,8.5,73691
3029,3629,4463,682,1614,9690,1137,2.97,6.8,39092
11925,1701,4959,724,2151,33258,2579,5.27,8.0,116849
11756,4420,2278,562,1679,31169,3517,2.38,8.6,135650
9265,4992,4910,1156,2058,25813,2274,2.01,7.0,97491
3422,5075,7865,1003,2213,11624,783,4.34,8.8,43705
14228,5255,7286,1736,1251,36450,2867,4.69,8.7,143488
3604,5355,5911,1049,2371,9879,763,3.55,6.9,34539
12387,1893,2654,884,824,30993,3366,3.1,9.5,155202
12045,1759,4834,1352,1379,30372,3190,3.52,7.0,115143
12268,1174,4614,1033,2800,41429,2434,4.25,8.8,81927
3371,1374,5380,1930,1182,10318,1123,4.07,8.9,45397
10955,3264,3755,1450,552,36513,4027,2.14,6.9,184090
5907,1462,7522,1195,2400,15312,1548,2.25,6.8,73797
3556,2004,7298,1969,1159,11806,1220,2.54,8.2,57237
14214,5075,5571,836,970,43832,4258,4.25,7.6,183933
9368,3495,4623,1663,922,24203,1846,2.28,6.5,82809
5968,1224,5297,1403,2561,17402,1800,4.47,7.5,57358
6442,5177,6212,1399,1705,16192,1785,4.17,7.8,55893
13772,3403,7879,690,2687,47547,5501,4.29,7.8,233146
12777,1798,6473,1405,760,34221,2241,4.34,7.1,121946
14100,5494,5861,1674,835,46276,4210,2.35,8.0,128935
5078,2354,7921,1140,556,13373,949,5.01,8.8,47512
12238,5057,7087,868,2965,33041,2318,5.11,6.7,138841
3659,2014,4565,586,706,11156,736,4.34,8.3,28916
5910,5350,2923,1200,1108,18397,2183,3.33,6.5,104508
11535,1964,6692,1866,1784,39016,1961,2.74,8.0,92985
3033,3629,3421,883,1829,8793,915,2.96,7.8,44761
9182,4176,6180,1495,2293,25034,1388,3.28,7.1,79610
5335,2276,7226,1421,2400,15658,1397,3.97,9.1,79087
3136,4186,2693,1509,2690,9854,602,4.22,7.5,35984
6923,2029,6009,1262,2523,19753,1045,4.27,8.7,75007
10358,1495,2046,1655,791,32406,3824,4.71,7.9,153077
6262,1444,3662,1141,594,17926,976,2.39,6.5,70436
11012,1039,6948,1310,674,35914,2432,2.19,7.9,101480
4977,1993,4732,1798,1981,12602,1133,5.07,9.0,56053
4354,5982,3756,1649,2853,11905,1272,3.7,8.7,53170
14751,2241,3078,928,1610,37202,3184,4.17,7.4,146144
7365,3287,7149,1200,518,21583,1719,2.53,9.0,59146
10960,5594,6135,1698,2466,37092,2121,5.23,8.1,86872
14830,5724,4864,1249,1248,38974,2071,4.08,7.9,145821
11941,1542,7660,748,1143,41543,4436,2.01,8.4,179249
5488,5157,4772,1809,920,18985,2146,5.39,6.6,83704
7149,2759,3734,1451,2037,22398,2424,4.55,8.8,91267
7563,5730,4073,1283,787,21189,1788,3.1,8.4,80585
11247,1064,6138,1669,2702,30340,2328,2.49,7.0,105321
11556,2215,2577,1950,1646,34242,3648,5.08,9.0,160433
3839,4619,4334,829,1927,10023,887,5.34,8.5,27249
10269,1994,2311,1686,565,34862,2678,2.13,7.0,94454
3306,3596,7472,1209,2525,8850,728,5.04,9.5,31474
9603,1511,5373,1256,956,24873,2556,5.11,9.2,130361
5819,3732,3036,956,1067,17772,1563,5.14,8.0,79638
9023,5127,7120,573,1865,24001,1992,3.9,7.9,76258
8553,4483,3045,1697,1030,25495,3006,3.18,9.2,108258
11445,4156,6134,691,1903,30787,3302,4.55,9.4,116317
8441,4654,6877,1671,2085,27737,3128,2.85,8.3,130059
13287,1689,5418,610,2963,44909,4355,3.43,6.9,144913
4638,2791,3146,1555,605,14318,1355,5.21,6.7,54156
11660,4850,3328,970,2195,36319,1900,3.68,6.9,102572
5817,3652,4868,1864,2945,18081,1115,2.22,7.5,47397
5062,5284,7649,685,2459,17322,1646,2.57,7.2,84556
4019,4608,2282,1745,1112,10793,916,5.24,7.8,44064
13561,3268,7166,569,1357,34998,3355,3.99,6.5,134950
8440,4019,6697,577,1250,21374,1564,4.24,7.7,81088
3419,5008,4431,1758,1921,11384,1034,2.69,8.0,43068
6656,3043,3081,628,1450,18867,1655,4.69,6.8,69951
3645,2241,2436,1714,1475,12115,805,4.47,7.3,39593
6951,3651,4881,713,2109,20381,1748,2.21,8.3,70871
6938,5787,2308,1468,2415,23404,1360,3.1,8.8,58032
8701,3776,7428,1863,2713,26764,1371,3.58,8.8,106907
6445,1929,7614,893,2183,20802,2082,2.7,6.7,78172
8174,2864,7084,524,2713,21395,2158,4.27,7.9,103611
3564,1111,3454,1701,516,10955,1114,3.86,7.4,45623
5290,2164,3103,1000,901,13352,695,4.62,7.9,35666
5493,1673,6126,1571,2686,16503,1336,3.29,9.3,46327
11923,3980,3462,560,503,37953,3152,5.23,8.4,131436
7737,1152,2497,1134,2098,20883,1482,2.51,9.0,57576
13291,3949,3571,618,1541,38094,2782,4.07,7.6,140251
3104,4791,3752,1772,1981,9758,1012,3.58,7.7,49302
10212,2804,2750,563,1092,35681,2490,2.57,8.8,110198
3135,5792,7566,1098,1826,8498,690,2.77,6.7,26392
9292,2027,7574,620,2267,31458,2460,4.82,9.4,108841
8372,1947,5752,1427,2655,24852,2538,5.47,7.0,90783
3638,2032,5051,1273,2345,10505,696,3.36,8.9,32124
5573,2742,3983,1208,1775,17054,1816,2.16,7.5,87604
3727,2230,4589,1023,980,10698,1020,2.07,9.0,35646
13427,5724,2771,592,1495,41917,4012,3.39,7.5,178819
4306,1552,3245,754,1930,14660,948,5.22,8.9,37834
12501,1104,2278,955,1355,33690,3068,3.27,7.6,96378
11490,3865,2328,1812,2830,29647,2872,3.02,9.0,102815
14536,4772,5443,727,2472,41765,4874,3.3,6.8,195258
3947,3872,2483,1918,2294,10765,790,4.88,9.4,48217
10938,1234,7374,1260,713,29197,2455,2.71,9.3,114575
3639,3594,7301,1458,2356,10603,1161,2.23,7.5,42065
6487,2645,5951,1653,1013,18345,1167,4.26,7.5,61227
11019,1094,7251,1709,1164,37634,3171,3.73,6.9,106228
8282,1582,7831,1983,1185,21425,1750,2.74,8.4,91002
6293,2949,4062,1152,2342,16995,1148,4.54,8.6,50708
3973,1916,5721,782,1229,9991,561,4.16,7.5,37461
11824,3017,2779,985,2243,39147,2374,5.29,6.6,120345
6961,3589,2689,1874,511,17649,2015,2.07,8.2,86902
10263,4953,4817,1207,2945,33923,1898,2.04,9.0,102246
8752,3608,2278,1778,2319,23386,1763,4.26,8.3,86724
12230,3441,4104,1317,564,38536,3109,2.94,6.5,142608
10762,1589,4662,1831,1539,30745,1719,5.03,7.1,97884
12324,2473,5862,1252,2327,34514,3228,5.4,9.3,119915
9998,2023,7601,1878,1319,33133,1987,2.33,8.5,133707
11796,5700,6710,776,1316,40298,2879,2.37,8.7,100823
7404,5375,6476,661,609,19777,1839,4.24,9.2,59830
12552,3634,3936,1331,1322,34852,2450,4.2,8.0,120778
11538,2282,5082,1646,1371,38466,3610,5.42,9.2,155723
7670,3012,4681,610,2551,25565,2781,3.09,7.4,89929
3104,1423,2642,1614,1580,7938,806,4.82,7.0,35429
8811,2869,3265,1458,618,23090,1497,3.23,8.7,82531
5361,4489,6203,1712,2353,16209,1386,2.61,6.8,55868
9160,1195,3978,855,887,31193,2042,4.22,8.4,90738
4574,3631,3564,1959,1324,13614,871,4.22,7.3,52143
3915,4735,4919,1975,2758,11575,838,4.03,8.6,40736
8305,3950,7181,1036,2715,25756,2977,2.56,6.8,141365
6784,2617,3612,1332,2199,19516,1187,4.27,7.8,52018
6496,4632,7166,991,2655,20181,1700,4.23,8.1,85046
7546,4084,4875,1982,1172,22880,1928,4.9,7.0,77647
11150,4639,4369,968,2020,29306,2513,4.58,8.5,90852
13582,5928,7305,796,1144,44465,2423,3.82,8.7,120503
10727,5886,6329,1507,2111,28143,1936,5.12,6.8,96307
4766,5339,6779,1725,1158,12499,1178,2.8,9.3,45507
3873,4791,7516,567,934,13060,1387,4.79,6.7,44800
6172,4946,6060,1214,2997,19808,1831,2.77,8.5,78196
5058,2997,2673,1169,594,17425,1400,2.26,7.6,68109
6109,5814,4518,879,2790,19420,1262,4.52,8.2,64458
3383,2099,4818,1908,1391,11476,1050,3.0,8.3,31698
10070,3147,2693,985,2732,26422,1333,4.89,8.5,102584
10875,2663,4166,1604,1959,32505,2360,2.32,8.3,110460
10010,4090,7616,1984,1314,32849,1906,5.04,6.9,111338
4976,3432,4684,1964,871,16859,1192,3.09,9.5,73376
14633,3063,7094,1931,556,47540,3958,2.39,6.6,136735
13382,4434,4581,1528,660,42650,2436,2.66,7.1,110480
5718,3962,6095,781,2644,17951,1168,3.58,6.5,53670
4836,5304,4526,1996,869,16354,1053,5.13,6.8,51671
13788,2642,7509,924,583,46777,5052,2.82,6.6,176945
10088,5656,4962,1687,1725,26888,2077,4.36,7.4,132440
7398,5020,4243,953,991,19438,1659,4.77,7.3,94851
10875,1473,5509,1184,607,30944,1616,2.25,7.4,103433
10762,1004,7409,1619,2924,33662,2881,3.91,8.6,122866
8268,2600,4865,1219,2751,27835,1858,4.04,8.9,96262
5949,3492,5118,956,1336,18340,1876,2.84,8.8,68643
10848,3941,4890,1917,2778,34764,2262,3.63,9.4,99479
11321,5390,3989,1265,2810,34221,2043,2.61,6.8,113420
12545,5600,6874,1536,2455,32341,2429,5.1,8.5,122414
7517,5020,3890,533,2340,25279,2416,4.79,8.0,72092
13194,3239,3787,912,2503,43621,2762,5.29,7.7,150591
14824,2130,5567,1099,1994,44134,2942,2.87,8.4,122672
7097,3823,3181,1509,1645,19877,2175,2.83,8.2,104735
13714,2736,6893,1040,507,35411,3078,4.27,6.8,148260
13554,1077,7887,641,2990,36452,2989,5.27,7.8,129141
6601,4523,2219,1160,693,17208,946,4.93,9.1,67653
4416,3533,7280,1244,2583,12564,784,2.31,6.6,42677
13196,1170,4318,1955,2646,33663,3934,4.26,8.5,176132
13007,2841,6932,1689,2618,39089,2837,3.11,7.0,147607
5693,5757,7940,1214,1564,17285,906,2.2,9.2,57235
11194,1679,3326,1621,2524,36278,2957,3.49,9.2,111289
4600,3010,3103,540,1434,12816,1113,2.04,8.0,55577
13340,1461,4544,1910,1233,42053,4292,3.54,8.8,137285
10385,1024,2402,1806,2249,27735,2094,2.6,7.7,87575
12162,5353,5234,1087,1153,36425,4216,4.85,7.6,129853
9889,4133,5929,1936,893,31618,1965,3.86,8.6,97543
10541,4395,2952,1977,1203,33742,3711,4.68,6.6,94419
5291,4448,4549,1057,615,16392,1451,4.78,9.3,60161
11788,3332,2855,1253,2240,35032,1875,4.03,7.2,116787
9684,1766,7011,1872,2754,31751,3101,4.11,7.2,104989
14730,3620,5994,1203,1271,46078,5523,3.58,7.7,210905
12862,4421,6068,558,850,40006,3253,3.21,8.7,180875
3376,4238,5376,1307,2842,8993,658,4.66,8.3,26495
9926,2492,6940,1303,1170,32664,3878,3.71,6.9,144460
13797,3520,7014,1865,1872,34573,3957,3.81,7.3,137912
10696,2877,4488,897,1562,26930,1865,5.44,6.7,73823
8021,4852,4382,684,2192,25201,1383,4.69,8.5,83242
11610,4486,3156,1540,2277,29817,3187,2.95,7.0,153656
5475,1293,7368,1898,2478,15379,1526,4.66,8.3,76193
9706,5173,5918,527,828,28219,1894,2.72,6.8,75391
10132,3112,3992,1107,824,29744,2731,3.03,7.2,127869
12070,4247,4944,1322,1867,41645,3290,4.82,7.4,160079
4056,2294,2573,1448,2408,12644,1429,5.19,9.3,43330
8660,1812,4919,727,2680,28896,2231,2.26,8.4,87626
14255,4032,6208,1133,2857,46378,3890,2.9,8.8,177587
14122,5333,6726,691,2605,40906,3842,3.38,6.9,170765
3573,1753,7193,850,2217,10066,535,3.32,7.5,35284
14708,4950,6659,1225,1617,48233,5412,5.5,8.5,162080
10495,2523,5513,996,1741,34371,2333,2.6,8.7,98142
5949,3700,7660,1107,820,19962,1822,2.85,9.0,59043
10004,1065,6690,1393,2816,29378,2762,2.07,9.3,89644
7218,3644,7874,1699,2091,21333,2459,2.59,8.3,87168
5745,3760,5941,1444,1822,16791,1729,2.3,8.3,62505
13268,5130,5425,1084,1022,44930,4901,3.74,7.6,221087
4495,4914,6471,1192,743,14799,1418,5.46,8.5,72474
5665,3791,5133,1896,1967,14710,1718,2.99,9.2,81557
12508,2231,2805,1832,744,37102,4183,2.58,7.7,159650
8191,5233,2759,1254,1932,21691,1120,5.3,9.0,82858
6862,4685,3811,1628,1706,23190,2098,3.97,8.7,75972
6324,4394,4635,583,2912,21446,2276,4.88,8.6,89359
5556,2818,5728,1737,2931,14549,1475,3.3,9.4,48459
7882,3165,7441,833,2268,26426,2234,2.27,8.3,116731
6272,4019,7683,908,1588,16966,1552,2.88,8.8,73050
7291,3396,7855,1776,672,23540,2004,4.18,6.6,81077
12727,1452,7001,607,2492,34538,2059,5.43,7.2,132863
11244,4681,7182,1366,2191,36015,2137,3.92,7.4,132919
4481,2329,6012,1072,1777,15100,1690,5.4,8.6,49872
13873,5082,4629,1255,2155,44546,2239,4.47,7.9,141820
7286,4407,3457,1925,2739,23679,1292,4.11,9.4,59490
12183,4446,4631,1725,1998,41710,2138,4.79,8.7,95613
5493,2797,3656,1947,2773,17308,1920,2.3,9.2,49593
4049,5252,6082,1227,729,13900,1295,2.56,8.1,49119
4244,1656,6310,1092,1556,14009,796,2.37,9.2,47362
9204,5241,3981,1121,2007,24881,2060,4.78,7.6,108202
10814,2574,7999,1694,2962,30047,2606,2.76,7.1,94195
12789,1796,4449,1770,1196,33347,2206,5.02,9.5,140543
11514,1893,6814,1654,2946,31975,3346,4.01,8.2,168849
9217,1332,3693,503,2877,29617,3154,3.0,6.7,139972
6348,1755,7151,1110,2808,18936,1510,2.06,7.7,85154
10247,4177,7431,713,2341,34772,2294,2.19,6.6,89371
8749,2357,5087,1519,567,29341,1598,3.35,8.5,78839
14197,5740,4392,1826,1921,42798,3125,3.03,6.9,151593
6884,2014,4784,1900,2798,19824,1027,5.08,8.7,61306
8322,3427,3680,792,2616,25613,1408,4.63,9.2,95477
14739,2221,2962,1427,788,51399,3316,2.3,7.3,156197
12742,1591,6793,1990,1428,38281,2895,3.81,9.4,99668
9540,4189,7043,1340,2493,24908,2692,2.7,7.1,136322
8787,2216,5518,540,1175,29985,1535,4.29,8.1,79866
11136,2275,6107,1454,2938,28521,1852,3.47,9.4,121158
13007,3727,4908,1938,879,42319,4417,4.66,8.6,187757
9277,4444,3390,1993,2770,28447,2058,4.46,6.9,89448
11804,2272,7362,1480,1762,31004,2379,5.16,6.5,140825
5171,5486,3140,1225,657,14297,1446,3.36,7.8,70051
3557,5772,5380,1047,2007,9320,831,4.02,9.2,32022
10983,4326,5701,1580,2062,30267,2200,2.73,8.4,143699
4848,3032,7932,920,2306,15479,1169,4.45,8.5,66475
5661,3469,6286,1359,2796,19171,1220,2.4,9.4,58863
11847,4626,6586,1829,1507,35647,3009,2.57,8.7,146766
12904,1124,7636,1141,1989,32532,2027,5.28,8.7,73813
7335,1293,2207,1430,1581,21038,2124,2.52,8.8,51919
6362,5173,4404,936,597,16044,1167,2.58,8.8,61239
9151,5652,4517,1536,1627,23035,2365,3.21,6.8,97891
7692,2044,7001,1641,911,19619,2314,2.17,7.4,115456
5070,4504,4964,549,2581,14207,1230,5.49,9.4,52143
10614,3492,3535,1123,1628,32195,3582,4.66,8.7,136310
13023,3206,6171,598,1926,39908,2934,3.11,7.9,177842
4977,2039,5651,1662,1617,16149,1861,3.91,8.7,64379
10578,2043,6024,1816,877,32248,3078,3.04,7.5,132764
14942,2186,3874,1498,2972,51596,5438,3.95,9.3,259583
13493,1688,4863,1234,529,39392,3252,2.7,8.5,141288
12185,5305,2664,824,1096,40484,3031,2.26,7.2,126959
7577,2993,6775,1724,612,25523,1775,5.19,9.4,51576
4093,3942,6165,1226,2635,13286,1581,3.44,7.0,51386
4288,3984,6946,1237,976,12467,729,4.19,8.8,49894
9683,1224,7003,1137,2350,26390,2594,3.81,6.9,113086
5742,1367,3471,997,2271,19565,1660,3.03,9.2,57538
8986,3444,2785,1783,1551,30899,3124,2.81,9.1,134728
12878,2502,7277,783,855,40643,4208,4.19,7.7,140863
8054,3600,5620,869,2449,24111,2553,5.47,8.5,92956
14671,3125,5692,1920,1342,50599,5492,2.95,8.2,238137
13146,3605,4248,1767,1506,44020,3488,4.25,7.8,201272
13223,1717,5979,1507,573,40441,2727,5.14,7.0,159431
8804,4215,7872,1788,2580,28325,2605,4.87,8.2,117326
7872,5957,3171,1153,1587,23688,1258,5.5,9.0,76506
13552,5127,7470,622,2929,37486,3800,2.68,8.7,140063
12710,4122,4883,929,1123,33398,2958,4.61,6.9,164290
3289,3827,3534,1802,1702,10137,1166,4.42,8.4,49357
8323,4548,3294,1430,2821,21193,1873,4.46,8.5,97170
14081,3059,3579,1402,2826,42029,2107,2.34,7.3,155509
11423,3294,5562,1890,2130,39321,4641,4.54,7.1,128224
8294,5149,3417,1652,1851,25394,2994,3.37,6.6,107851
6924,4597,5086,632,1058,23320,2644,2.15,8.3,92871
3576,2494,5299,1298,2707,11014,1196,2.32,6.7,44100
8141,3666,6669,755,2611,27709,1816,2.46,7.0,71601
8883,3477,7223,843,2478,23473,2382,4.16,7.8,112465
14250,2094,7162,1853,1553,36926,2997,5.08,7.2,125210
10979,3854,7214,676,2537,30373,2080,4.42,8.3,96375
12501,3466,7414,554,2694,35320,4085,2.79,7.5,179052
10788,2136,7587,1181,1534,32739,2386,2.94,6.6,107078
9364,4567,3002,1010,2434,25282,1737,2.64,7.0,84022
6770,3576,4963,1176,2951,17460,1599,2.84,8.2,97205
10764,5080,6191,1678,1062,27297,2763,3.89,9.4,133958
9774,4746,4927,1706,2752,30459,2255,3.79,7.5,110533
5789,4209,4213,671,2995,16162,864,3.66,6.6,61359
7610,4168,5679,1967,1520,20377,1712,2.18,8.8,71224
11915,5282,3998,944,2123,40709,4759,5.42,7.2,200365
11630,1710,2424,1119,2815,39714,4468,3.06,8.1,147095
6853,3848,4216,1396,2101,22757,1892,2.87,6.6,82012
6692,5381,5033,1976,1883,19114,1928,4.79,7.8,87131
6499,5917,5156,1489,1141,21127,1946,3.53,9.3,58487
14089,3479,2744,1952,602,47651,4517,4.52,8.0,156838
